번호,구분,전계강도(dB㎶/m),위도,경도,주파수,비고
1,송신소(강원 TBN),32.9,37.2438935,127.7365164,105.9MHz,
2,송신소(강원 TBN),32,37.4032039,127.5435583,105.9MHz,
3,송신소(강원 TBN),51.5,37.2527284,127.6512241,105.9MHz,
4,송신소(강원 TBN),32.5,37.238012,127.4988646,105.9MHz,
5,송신소(강원 TBN),51,37.2828869,127.6334472,105.9MHz,
6,송신소(강원 TBN),50.4,37.252768,127.588074,105.9MHz,
7,송신소(강원 TBN),45.1,37.3726004,127.524483,105.9MHz,
8,송신소(강원 TBN),32.3,37.2362753,127.2940317,105.9MHz,
9,송신소(강원 TBN),55,37.343843,127.93318,105.9MHz,
10,송신소(강원 TBN),53,37.32233,127.960974,105.9MHz,
11,송신소(강원 TBN),30.1,37.3133867,127.8233446,105.9MHz,
12,송신소(강원 TBN),39,37.4137918,127.959483,105.9MHz,
13,송신소(강원 TBN),48,37.393291,127.985035,105.9MHz,
14,송신소(강원 TBN),44,37.3890194,127.9883211,105.9MHz,
15,송신소(강원 TBN),60,37.341142,127.921197,105.9MHz,
16,송신소(강원 TBN),47,37.368471,127.931723,105.9MHz,
17,송신소(강원 TBN),53,37.3324699,127.9450214,105.9MHz,
18,송신소(강원 TBN),50.1,37.3407999,127.878305,105.9MHz,
19,송신소(강원 TBN),50,37.4009659,127.9480522,105.9MHz,
20,송신소(강원 TBN),43,37.28885,127.996121,105.9MHz,
21,송신소(강원 TBN),39.9,37.355438,127.901121,105.9MHz,
22,송신소(강원 TBN),48,37.306293,127.924419,105.9MHz,
23,송신소(강원 TBN),35,37.276665,127.906825,105.9MHz,
24,송신소(강원 TBN),47,37.303723,127.916749,105.9MHz,
25,송신소(강원 TBN),34.9,37.1244345,127.6679987,105.9MHz,
26,송신소(강원 TBN),13.3,37.1138798,127.6407847,105.9MHz,
27,송신소(강원 TBN),39.6,37.2417246,127.3615581,105.9MHz,
28,송신소(강원 TBN),30.2,37.2780774,127.3879936,105.9MHz,
29,송신소(강원 TBN),35.8,37.288201,127.491667,105.9MHz,
30,송신소(강원 TBN),46.4,37.3035788,127.4034689,105.9MHz,
31,송신소(강원 TBN),46.6,37.2451155,127.4943506,105.9MHz,
32,송신소(강원 TBN),25.5,37.115242,127.6098333,105.9MHz,
33,송신소(강원 TBN),42,37.2448323,127.4350231,105.9MHz,
34,송신소(강원 TBN),34.1,37.2360277,127.4246077,105.9MHz,
35,송신소(강원 TBN),40.2,37.1377173,128.0234918,105.9MHz,
36,송신소(강원 TBN),34.6,37.1239685,128.0008277,105.9MHz,
37,송신소(강원 TBN),38,37.5301513,127.9586729,105.9MHz,
38,송신소(강원 TBN),14.4,37.4150194,128.1563319,105.9MHz,
39,송신소(강원 TBN),37,37.4467638,128.0635344,105.9MHz,
40,송신소(강원 TBN),38,37.7113468,129.0062721,105.5MHz,
41,송신소(강원 TBN),58,37.7748846,128.8726003,105.5MHz,
42,송신소(강원 TBN),65,37.7749639,128.8462284,105.5MHz,
43,송신소(강원 TBN),63,37.6943092,128.888725,105.5MHz,
44,송신소(강원 TBN),54,37.711821,128.90671,105.5MHz,
45,송신소(강원 TBN),50,37.8184856,128.8555646,105.5MHz,
46,송신소(강원 TBN),55,37.76129,128.934445,105.5MHz,
47,송신소(강원 TBN),48,37.749857,128.8365392,105.5MHz,
48,송신소(강원 TBN),55,37.7186898,128.8298741,105.5MHz,
49,송신소(강원 TBN),46,37.7157929,128.8308956,105.5MHz,
50,송신소(강원 TBN),62,37.8632946,128.8269219,105.5MHz,
51,송신소(강원 TBN),40,37.8351022,128.6989557,105.5MHz,
52,송신소(강원 TBN),60,37.8587979,128.8370196,105.5MHz,
53,송신소(강원 TBN),37,37.5336093,128.9666571,105.5MHz,
54,송신소(강원 TBN),53,37.672783,128.8356805,105.5MHz,
55,송신소(강원 TBN),50,37.7373611,128.9158809,105.5MHz,
56,송신소(강원 TBN),51,37.910028,128.815739,105.5MHz,
57,송신소(강원 TBN),60,,,105.5MHz,
58,송신소(강원 TBN),25,37.9616573,128.5737874,105.5MHz,
59,송신소(강원 TBN),32.9,37.9145582,128.7878999,105.5MHz,
60,송신소(강원 TBN),52,37.6840578,128.7519382,105.5MHz,
61,송신소(강원 TBN),62,37.6865426,128.6992792,105.5MHz,
62,송신소(강원 TBN),33,37.670242,128.599678,105.5MHz,
63,송신소(강원 TBN),44,37.6884172,128.6908329,105.5MHz,
64,송신소(강원 TBN),31,37.5946715,128.3175941,105.5MHz,
65,송신소(강원 TBN),25,37.6300871,128.4869377,105.5MHz,
66,송신소(강원 TBN),30,37.583956,128.554266,105.5MHz,
67,송신소(강원 TBN),31,37.588067,128.553486,105.5MHz,
68,송신소(강원 TBN),30.5,37.7656285,128.6101439,105.5MHz,
69,송신소(강원 TBN),31,37.702997,128.5994524,105.5MHz,
70,송신소(강원 TBN),30,37.6681122,128.5915931,105.5MHz,
71,송신소(강원 TBN),28,37.8312549,127.5073877,103.7MHz,
72,송신소(강원 TBN),20,38.110964,128.032704,103.7MHz,
73,송신소(강원 TBN),31,38.2011737,127.7350429,103.7MHz,
74,송신소(강원 TBN),31,38.1034181,127.9776537,103.7MHz,
75,송신소(강원 TBN),30,38.044823,127.944879,103.7MHz,
76,송신소(강원 TBN),29,37.5516654,127.7138985,103.7MHz,
77,송신소(강원 TBN),37,,,103.7MHz,
78,송신소(강원 TBN),51,37.830616,127.7621522,103.7MHz,
79,송신소(강원 TBN),22,37.7522813,127.7940793,103.7MHz,
80,송신소(강원 TBN),50,37.752151,127.780123,103.7MHz,
81,송신소(강원 TBN),30,38.046154,127.646142,103.7MHz,
82,송신소(강원 TBN),60,36.8403758,126.9509492,103.7MHz,
83,송신소(강원 TBN),40,37.8499059,127.6683109,103.7MHz,
84,송신소(강원 TBN),63,37.9686102,127.6660441,103.7MHz,
85,송신소(강원 TBN),51,37.8217947,127.7037302,103.7MHz,
86,송신소(강원 TBN),53,37.8849801,127.7149195,103.7MHz,
87,송신소(강원 TBN),32,37.7341372,127.6218797,103.7MHz,
88,송신소(강원 TBN),59,37.838488,127.7568912,103.7MHz,
89,송신소(강원 TBN),30,37.899781,127.773481,103.7MHz,
90,송신소(강원 TBN),44,37.786191,127.757059,103.7MHz,
91,송신소(강원 TBN),42,38.0506265,127.6403407,103.7MHz,
92,송신소(강원 TBN),58,37.930398,127.773248,103.7MHz,
93,송신소(강원 TBN),50,37.9379792,127.7132778,103.7MHz,
94,송신소(강원 TBN),60,37.8689799,127.6623103,103.7MHz,
95,송신소(강원 TBN),54,37.8701454,127.4521671,103.7MHz,
96,송신소(강원 TBN),50,37.866572,127.73372,103.7MHz,
97,송신소(강원 TBN),30,37.7175068,127.8402437,103.7MHz,
98,송신소(강원 TBN),32,37.7177527,128.1754059,103.7MHz,
99,송신소(강원 TBN),35,37.6750972,127.8541923,103.7MHz,
100,송신소(강원 TBN),26,37.6776526,127.8543309,103.7MHz,
101,송신소(강원 TBN),45,37.7484235,127.9479031,103.7MHz,
102,송신소(강원 TBN),29,37.7586448,127.9630957,103.7MHz,
103,송신소(강원 TBN),26,38.0587969,127.665588,103.7MHz,
104,송신소(강원 TBN),29,38.1026534,127.7063605,103.7MHz,
105,송신소(강원 TBN),56,37.6156064,127.9504901,103.7MHz,
106,송신소(강원 TBN),20,37.5014776,127.9006704,103.7MHz,
107,송신소(강원 TBN),38,37.652249,129.049172,95.3MHz,
108,송신소(강원 TBN),33,37.708207,128.8121811,95.3MHz,
109,송신소(강원 TBN),44,37.6194559,129.034991,95.3MHz,
110,송신소(강원 TBN),30,37.6088632,129.058063,95.3MHz,
111,송신소(강원 TBN),40,37.583378,129.0908478,95.3MHz,
112,송신소(강원 TBN),40,37.4908092,129.0482281,95.3MHz,
113,송신소(강원 TBN),36,37.4886433,129.067353,95.3MHz,
114,송신소(강원 TBN),38,37.5119145,129.0928221,95.3MHz,
115,송신소(강원 TBN),50,37.524709,129.1120977,95.3MHz,
116,송신소(강원 TBN),44,37.546512,129.107358,95.3MHz,
117,송신소(강원 TBN),40,37.4924769,129.1084045,95.3MHz,
118,송신소(강원 TBN),45,37.4636905,129.1615486,95.3MHz,
119,송신소(강원 TBN),28,37.373908,129.096813,95.3MHz,
120,송신소(강원 TBN),35,37.468443,129.166469,95.3MHz,
121,송신소(강원 TBN),43,37.4333465,129.1851201,95.3MHz,
122,송신소(강원 TBN),32,37.428961,129.1622644,95.3MHz,
123,송신소(강원 TBN),37,37.533711,128.944924,95.3MHz,
124,송신소(강원 TBN),15,38.3375246,128.4862847,95.1MHz,
125,송신소(강원 TBN),35,38.1737179,128.5895613,95.1MHz,
126,송신소(강원 TBN),42,38.1159251,128.6326897,95.1MHz,
127,송신소(강원 TBN),32,38.1553029,128.5914787,95.1MHz,
128,송신소(강원 TBN),51,38.074563,128.59279,95.1MHz,
129,송신소(강원 TBN),50,,,95.1MHz,
130,송신소(강원 TBN),75,38.050432,128.6214563,95.1MHz,
131,송신소(강원 TBN),48,38.074235,128.619745,95.1MHz,
132,송신소(강원 TBN),50,38.0769613,128.6237592,95.1MHz,
133,송신소(강원 TBN),50,38.0749867,128.6210003,95.1MHz,
134,송신소(강원 TBN),45,38.0667842,128.6352344,95.1MHz,
135,송신소(강원 TBN),25,38.003221,128.1433594,95.1MHz,
136,송신소(강원 TBN),65,38.0257372,128.6924281,95.1MHz,
137,송신소(경남 TBN),58.9,35.255265,128.605577,95.5MHz,
138,송신소(경남 TBN),67.1,35.8501087,128.5354163,95.5MHz,
139,송신소(경남 TBN),71.6,35.2199311,128.6644569,95.5MHz,
140,송신소(경남 TBN),72.3,35.2100437,128.6815389,95.5MHz,
141,송신소(경남 TBN),78.1,35.1945461,128.7110088,95.5MHz,
142,송신소(경남 TBN),62.2,35.1992685,128.7535128,95.5MHz,
143,송신소(경남 TBN),61.7,35.1991842,128.6998986,95.5MHz,
144,송신소(경남 TBN),63.9,35.23728,128.691666,95.5MHz,
145,송신소(경남 TBN),57.5,35.241934,128.651167,95.5MHz,
146,송신소(경남 TBN),63.8,35.2329014,128.6415976,95.5MHz,
147,송신소(경남 TBN),72.1,35.2054333,128.6896494,95.5MHz,
148,송신소(경남 TBN),74.2,35.227518,128.680285,95.5MHz,
149,송신소(경남 TBN),61.8,35.2362347,128.6618733,95.5MHz,
150,송신소(경남 TBN),56.8,35.2613423,128.628598,95.5MHz,
151,송신소(경남 TBN),50,35.2192424,128.9720948,95.5MHz,
152,송신소(경남 TBN),53.5,35.224069,128.923378,95.5MHz,
153,송신소(경남 TBN),61.1,35.2207677,128.8439123,95.5MHz,
154,송신소(경남 TBN),44.8,35.2617056,128.753003,95.5MHz,
155,송신소(경남 TBN),41.5,35.2864222,128.6034052,95.5MHz,
156,송신소(경남 TBN),37.9,35.2588127,128.5130533,95.5MHz,
157,송신소(경남 TBN),51.6,35.2350386,128.5600496,95.5MHz,
158,송신소(경남 TBN),55.5,35.2751464,128.6413464,95.5MHz,
159,송신소(경남 TBN),42.8,35.1558884,128.9497375,95.5MHz,
160,송신소(경남 TBN),57.5,35.197908,128.8049999,95.5MHz,
161,송신소(경남 TBN),36.8,35.2827351,128.9834809,95.5MHz,
162,송신소(경남 TBN),37.2,35.3190078,128.9411783,95.5MHz,
163,송신소(경남 TBN),42.3,35.4001626,128.8182987,95.5MHz,
164,송신소(경남 TBN),36.6,35.5020389,128.7890764,95.5MHz,
165,송신소(경남 TBN),35.1,35.328832,128.5030802,95.5MHz,
166,송신소(경남 TBN),37.8,35.3995732,128.4801915,95.5MHz,
167,송신소(경남 TBN),34.6,35.6759005,128.4324662,95.5MHz,
168,송신소(경남 TBN),48.2,35.1656022,128.5514967,95.5MHz,
169,송신소(경남 TBN),40.8,35.2467371,128.5055551,95.5MHz,
170,송신소(경남 TBN),42,35.3916859,128.5159661,95.5MHz,
171,송신소(경남 TBN),73.9,35.157858,128.6929623,95.5MHz,
172,송신소(경남 TBN),81.2,35.1838805,128.7005987,95.5MHz,
173,송신소(경남 TBN),81.7,34.932232,128.0520272,95.5MHz,
174,송신소(경남 TBN),72.2,35.251918,128.69557,95.5MHz,
175,송신소(경남 TBN),71.9,35.273595,128.668997,95.5MHz,
176,송신소(경남 TBN),45.4,35.377219,128.7175918,95.5MHz,
177,송신소(경남 TBN),44.3,35.4509335,128.7714458,95.5MHz,
178,송신소(경남 TBN),65.2,34.8805111,128.6190241,95.5MHz,
179,송신소(경남 TBN),48.7,34.8889248,128.4757281,95.5MHz,
180,송신소(경남 TBN),47.7,34.8689126,128.4153282,95.5MHz,
181,송신소(경남 TBN),52.5,35.0558957,128.3644771,95.5MHz,
182,송신소(경남 TBN),54.2,35.099825,128.386576,95.5MHz,
183,송신소(경남 TBN),46.5,35.1805727,128.5560567,95.5MHz,
184,송신소(경남 TBN),50.3,35.211728,128.575607,95.5MHz,
185,송신소(경남 TBN),51.9,35.257824,128.608174,95.5MHz,
186,송신소(경남 TBN),51.2,35.315386,128.728253,95.5MHz,
187,송신소(경남 TBN),62.3,35.2372655,128.8329016,95.5MHz,
188,송신소(경남 TBN),50.5,35.2134638,128.8869693,95.5MHz,
189,송신소(경남 TBN),48.6,35.222205,128.925458,95.5MHz,
190,송신소(경남 TBN),44.3,35.102837,128.8371992,95.5MHz,
191,송신소(경남 TBN),66.6,35.118792,128.795399,95.5MHz,
192,송신소(경남 TBN),69.1,35.1326822,128.7084606,95.5MHz,
193,송신소(경남 TBN),74,35.158957,128.6842693,95.5MHz,
194,송신소(경남 TBN),51.3,35.1669805,128.5914345,95.5MHz,
195,송신소(경남 TBN),41.4,35.1656022,128.5514967,95.5MHz,
196,송신소(경남 TBN),39.2,35.1035239,128.4245711,95.5MHz,
197,송신소(경남 TBN),37.5,35.1158157,128.4820397,95.5MHz,
198,송신소(경남 TBN),35.1,35.1245401,128.4853692,95.5MHz,
199,송신소(경남 TBN),37.2,35.1547785,128.474248,95.5MHz,
200,송신소(경남 TBN),27.2,35.2101781,128.4323175,95.5MHz,
201,송신소(경남 TBN),36.8,35.474521,128.7690003,95.5MHz,
202,송신소(경남 TBN),47.2,35.4540299,128.8062449,95.5MHz,
203,송신소(경남 TBN),42,35.2822608,128.8659138,95.5MHz,
204,송신소(경남 TBN),44.8,35.2478031,128.8669554,95.5MHz,
205,송신소(경남 TBN),45.1,35.2018662,128.8097131,95.5MHz,
206,중계소(진주),41.5,35.2864222,128.6034105,100.1MHz,
207,중계소(진주),36.6,35.2892235,128.3881807,100.1MHz,
208,중계소(진주),41.2,35.2924721,128.3358244,100.1MHz,
209,중계소(진주),53.6,35.2250067,128.2697213,100.1MHz,
210,중계소(진주),82.9,35.1923987,128.224032,100.1MHz,
211,중계소(진주),47.1,35.172011,128.1570666,100.1MHz,
212,중계소(진주),53.1,35.1622893,128.1230145,100.1MHz,
213,중계소(진주),44.6,35.1133222,128.0844083,100.1MHz,
214,중계소(진주),37.6,35.0861024,128.0406631,100.1MHz,
215,중계소(진주),35.3,35.3326613,127.9358332,100.1MHz,
216,중계소(진주),31.7,35.2896878,127.9507773,100.1MHz,
217,중계소(진주),43.6,35.1382917,128.0955455,100.1MHz,
218,중계소(진주),61.8,35.0824388,128.1892326,100.1MHz,
219,중계소(진주),44.2,35.0079227,128.3470254,100.1MHz,
220,중계소(진주),37.1,34.9723442,128.3815508,100.1MHz,
221,중계소(진주),39,34.8901322,128.4105781,100.1MHz,
222,중계소(진주),39,34.8670799,128.4421591,100.1MHz,
223,중계소(진주),34.2,35.1121253,127.9353668,100.1MHz,
224,중계소(진주),40.5,35.15398,128.035445,100.1MHz,
225,중계소(진주),42.3,35.2843852,128.0815707,100.1MHz,
226,중계소(진주),53.9,35.1835915,128.0779071,100.1MHz,
227,중계소(진주),47.5,35.15911,128.107754,100.1MHz,
228,중계소(진주),59.3,35.1614012,128.1621497,100.1MHz,
229,중계소(진주),61.5,35.1826776,128.2221158,100.1MHz,
230,중계소(진주),68.6,35.1730129,128.271528,100.1MHz,
231,중계소(진주),64.5,35.1542659,128.3124969,100.1MHz,
232,중계소(진주),41.9,35.131214,128.362965,100.1MHz,
233,중계소(진주),44.2,35.0079227,128.3470254,100.1MHz,
234,중계소(진주),49.6,35.1035239,128.4245711,100.1MHz,
235,중계소(진주),32.2,34.9679994,128.2601952,100.1MHz,
236,중계소(진주),48.5,35.0573894,128.3654112,100.1MHz,
237,중계소(진주),37.5,35.009127,128.349379,100.1MHz,
238,중계소(진주),34.7,34.9825642,128.3254447,100.1MHz,
239,중계소(진주),37,34.960766,128.336239,100.1MHz,
240,중계소(진주),31.9,34.8966868,128.4028009,100.1MHz,
241,중계소(진주),32.7,35.419952,127.879821,100.1MHz,
242,중계소(진주),37.1,35.3630118,127.9165286,100.1MHz,
243,중계소(진주),33.8,35.337925,127.940721,100.1MHz,
244,중계소(진주),37.1,35.2812728,127.990746,100.1MHz,
245,중계소(진주),37.6,35.2175867,128.0307717,100.1MHz,
246,중계소(진주),58.5,35.1524012,128.1031833,100.1MHz,
247,중계소(진주),40.6,35.110637,128.088961,100.1MHz,
248,중계소(진주),44.4,35.080215,128.0808817,100.1MHz,
249,중계소(진주),42.7,35.05444,128.0680503,100.1MHz,
250,중계소(진주),44,35.0043623,128.052192,100.1MHz,
251,중계소(진주),34.2,34.9798931,128.0560256,100.1MHz,
252,중계소(진주),33.5,34.9290679,128.0489272,100.1MHz,
253,중계소(진주),38.2,34.9434831,128.1904028,100.1MHz,
254,중계소(진주),28.3,34.9610651,128.232704,100.1MHz,
255,중계소(진주),35.3,34.9700655,128.3145849,100.1MHz,
256,중계소(진주),50.7,34.979171,128.285288,100.1MHz,
257,중계소(진주),32.3,34.9977544,128.1884571,100.1MHz,
258,중계소(진주),51.9,35.0288059,128.1680416,100.1MHz,
259,중계소(진주),47.1,35.05707,128.120218,100.1MHz,
260,중계소(진주),46.7,35.0959355,128.0893805,100.1MHz,
261,중계소(진주),40.9,35.1963685,128.1142089,100.1MHz,
262,중계소(진주),51,35.2345581,128.1007647,100.1MHz,
263,중계소(진주),42.6,35.2577219,128.0943758,100.1MHz,
264,중계소(진주),51.5,35.269924,128.084957,100.1MHz,
265,중계소(진주),40.3,35.3171592,128.0850417,100.1MHz,
266,중계소(진주),33.5,35.355195,128.082041,100.1MHz,
267,중계소(진주),33.1,35.2729118,127.9361403,100.1MHz,
268,중계소(진주),31.2,35.305128,127.965729,100.1MHz,
269,중계소(진주),33.9,35.3102692,127.9820516,100.1MHz,
270,중계소(진주),34.1,35.3354329,127.9924555,100.1MHz,
271,중계소(진주),34.5,35.3439604,128.0318404,100.1MHz,
272,중계소(진주),36.5,35.3420744,128.1814097,100.1MHz,
273,중계소(진주),52.2,35.33593,128.203375,100.1MHz,
274,중계소(진주),34.5,35.325029,128.239808,100.1MHz,
275,중계소(진주),38.1,35.3259156,128.2817817,100.1MHz,
276,중계소(진주),34.4,35.3794339,128.3252119,100.1MHz,
277,중계소(진주),33,35.2731146,128.4059572,100.1MHz,
278,중계소(진주),34.5,35.25505,128.424521,100.1MHz,
279,중계소(진주),29.4,35.2417853,128.4246507,100.1MHz,
280,중계소(진주),49.7,35.1799028,128.1055424,100.1MHz,
281,중계소(진주),34.5,35.1929794,128.0823786,100.1MHz,
282,중계소(진주),35.2,35.1670161,128.1265222,100.1MHz,
283,송신소(경북 TBN),72,36.0722917,129.3347367,103.5MHz,
284,송신소(경북 TBN),45,36.1061908,129.4278969,103.5MHz,
285,송신소(경북 TBN),44,36.0348346,129.3226031,103.5MHz,
286,송신소(경북 TBN),55,36.007935,129.326201,103.5MHz,
287,송신소(경북 TBN),49,36.008573,129.3615973,103.5MHz,
288,송신소(경북 TBN),57,35.9968929,129.3848942,103.5MHz,
289,송신소(경북 TBN),48,35.98332,129.436007,103.5MHz,
290,송신소(경북 TBN),49,36.1282527,129.3518443,103.5MHz,
291,송신소(경북 TBN),40,36.1323864,129.3640949,103.5MHz,
292,송신소(경북 TBN),37,36.201629,129.370948,103.5MHz,
293,송신소(경북 TBN),32,36.251134,129.373351,103.5MHz,
294,송신소(경북 TBN),57,35.980412,129.493002,103.5MHz,
295,송신소(경북 TBN),35,35.9793549,129.4994576,103.5MHz,
296,송신소(경북 TBN),24,35.783885,129.469486,103.5MHz,
297,송신소(경북 TBN),39,35.941776,129.3991233,103.5MHz,
298,송신소(경북 TBN),62,36.0504,129.262878,103.5MHz,
299,송신소(경북 TBN),47,36.0723955,129.2079984,103.5MHz,
300,송신소(경북 TBN),41,36.091351,129.156962,103.5MHz,
301,송신소(경북 TBN),30,36.144639,129.121721,103.5MHz,
302,송신소(경북 TBN),29,36.104596,129.068135,103.5MHz,
303,송신소(경북 TBN),52,35.9799328,129.1272308,103.5MHz,
304,송신소(경북 TBN),65,35.9994544,129.216036,103.5MHz,
305,송신소(경북 TBN),64,36.0307064,129.3040107,103.5MHz,
306,송신소(경북 TBN),59,35.9689383,129.3462939,103.5MHz,
307,송신소(경북 TBN),37,35.9499396,129.295577,103.5MHz,
308,송신소(경북 TBN),41,35.9460504,129.2753102,103.5MHz,
309,송신소(경북 TBN),54,35.934586,129.226729,103.5MHz,
310,송신소(경북 TBN),36,35.9142196,129.1903101,103.5MHz,
311,송신소(경북 TBN),34,35.891034,129.170639,103.5MHz,
312,송신소(경북 TBN),43,35.8984451,129.2620816,103.5MHz,
313,송신소(경북 TBN),35,35.8273696,129.2331975,103.5MHz,
314,송신소(경북 TBN),37,35.844426,129.2156933,103.5MHz,
315,송신소(경북 TBN),46,35.8676336,129.216349,103.5MHz,
316,송신소(경북 TBN),37,35.868349,129.2737078,103.5MHz,
317,송신소(경북 TBN),42,35.8437839,129.2875408,103.5MHz,
318,송신소(경북 TBN),38,35.8317372,129.3058725,103.5MHz,
319,송신소(경북 TBN),70,36.0576556,129.1905593,103.5MHz,
320,송신소(경북 TBN),51,36.0700627,129.2191085,103.5MHz,
321,송신소(경북 TBN),32,35.8079821,129.1821473,103.5MHz,
322,송신소(경북 TBN),25,35.83098,129.10925,103.5MHz,
323,송신소(경북 TBN),30,35.8429483,129.0836555,103.5MHz,
324,송신소(경북 TBN),27,35.8101059,129.4181725,103.5MHz,
325,송신소(경북 TBN),48,35.942627,129.41134,103.5MHz,
326,중계소(울진),23,36.600598,129.411669,103.7MHz,
327,중계소(울진),27,36.665622,129.43272,103.7MHz,
328,중계소(울진),54,36.709942,129.441821,103.7MHz,
329,중계소(울진),38,36.722259,129.404361,103.7MHz,
330,중계소(울진),27,36.7170839,129.3711272,103.7MHz,
331,중계소(울진),41,36.7512889,129.3339535,103.7MHz,
332,중계소(울진),52,36.765599,129.461002,103.7MHz,
333,중계소(울진),57,36.8298647,129.4336768,103.7MHz,
334,중계소(울진),52,36.8481678,129.420733,103.7MHz,
335,중계소(울진),57,36.8565279,129.4191218,103.7MHz,
336,중계소(울진),55,36.8731056,129.4191582,103.7MHz,
337,중계소(울진),57,36.9152701,129.3822069,103.7MHz,
338,중계소(울진),53,36.9909559,129.4089242,103.7MHz,
339,중계소(울진),35,37.0998863,129.3582035,103.7MHz,
340,중계소(울진),46,,,103.7MHz,
341,중계소(울진),23,36.9724207,129.3222014,103.7MHz,
342,중계소(울진),22,36.967231,129.295072,103.7MHz,
343,송신소(경인 TBN),51,37.471362,126.596818,100.5MHz,
344,송신소(경인 TBN),43,37.476246,126.617243,100.5MHz,
345,송신소(경인 TBN),41,37.553434,126.607376,100.5MHz,
346,송신소(경인 TBN),47,37.4851159,126.4883905,100.5MHz,
347,송신소(경인 TBN),42,37.493887,126.490458,100.5MHz,
348,송신소(경인 TBN),64,37.470763,126.6332613,100.5MHz,
349,송신소(경인 TBN),53,37.475499,126.632287,100.5MHz,
350,송신소(경인 TBN),63,37.5465623,126.5879797,100.5MHz,
351,송신소(경인 TBN),47,37.453073,126.604821,100.5MHz,
352,송신소(경인 TBN),42,37.4196092,126.6520741,100.5MHz,
353,송신소(경인 TBN),51,37.4088803,126.6676009,100.5MHz,
354,송신소(경인 TBN),25,37.4012437,126.652817,100.5MHz,
355,송신소(경인 TBN),25,37.3928005,126.6642883,100.5MHz,
356,송신소(경인 TBN),53,37.3825244,126.6689411,100.5MHz,
357,송신소(경인 TBN),70,37.4327131,126.7089912,100.5MHz,
358,송신소(경인 TBN),47,37.4101597,126.67612,100.5MHz,
359,송신소(경인 TBN),49,37.4252688,126.6672038,100.5MHz,
360,송신소(경인 TBN),50,37.523368,126.689295,100.5MHz,
361,송신소(경인 TBN),65,37.4845117,126.6726183,100.5MHz,
362,송신소(경인 TBN),45,37.5698345,126.666922,100.5MHz,
363,송신소(경인 TBN),29,37.5580853,126.6352588,100.5MHz,
364,송신소(경인 TBN),50,37.5164808,126.7192795,100.5MHz,
365,송신소(경인 TBN),45,37.5179529,126.7247789,100.5MHz,
366,송신소(경인 TBN),52,37.5069544,126.7290566,100.5MHz,
367,송신소(경인 TBN),51,37.5031769,126.719391,100.5MHz,
368,송신소(경인 TBN),45,37.4981221,126.7282514,100.5MHz,
369,송신소(경인 TBN),50,37.5240361,126.7552202,100.5MHz,
370,송신소(경인 TBN),50,37.507468,126.720622,100.5MHz,
371,송신소(경인 TBN),51,37.5081761,126.7069476,100.5MHz,
372,송신소(경인 TBN),59,37.4387676,126.6927565,100.5MHz,
373,송신소(경인 TBN),73,37.4562483,126.6535012,100.5MHz,
374,송신소(경인 TBN),59,37.447035,126.637336,100.5MHz,
375,송신소(경인 TBN),81,37.452216,126.667551,100.5MHz,
376,송신소(경인 TBN),68,37.4504398,126.6872126,100.5MHz,
377,송신소(경인 TBN),82,37.455651,126.669134,100.5MHz,
378,송신소(경인 TBN),77,37.442909,126.667587,100.5MHz,
379,송신소(경인 TBN),68,37.4689548,126.6636125,100.5MHz,
380,송신소(경인 TBN),67,37.473492,126.649071,100.5MHz,
381,송신소(경인 TBN),64,37.4758733,126.642427,100.5MHz,
382,송신소(경인 TBN),63,37.4758729,126.6358609,100.5MHz,
383,송신소(경인 TBN),48,37.485543,126.629949,100.5MHz,
384,송신소(경인 TBN),57,37.482123,126.637019,100.5MHz,
385,송신소(경인 TBN),71,37.467076,126.708035,100.5MHz,
386,송신소(경인 TBN),63,37.460944,126.7184714,100.5MHz,
387,송신소(경인 TBN),53,37.401622,126.7064933,100.5MHz,
388,송신소(경인 TBN),51,37.3823304,126.7120895,100.5MHz,
389,송신소(경인 TBN),68,37.442036,126.707253,100.5MHz,
390,송신소(경인 TBN),60,37.439272,126.72692,100.5MHz,
391,송신소(경인 TBN),53,37.4126876,126.701423,100.5MHz,
392,송신소(경인 TBN),54,37.4683789,126.3987516,100.5MHz,
393,송신소(경인 TBN),61,37.4570421,126.6334007,100.5MHz,
394,송신소(경인 TBN),67,37.4361565,126.673564,100.5MHz,
395,송신소(경인 TBN),38,37.566396,126.7403843,100.5MHz,
396,송신소(경인 TBN),43,37.5699471,126.7514415,100.5MHz,
397,송신소(경인 TBN),32,37.543207,126.7361324,100.5MHz,
398,송신소(경인 TBN),43,37.5474774,126.7384712,100.5MHz,
399,송신소(경인 TBN),43,37.523924,126.7475818,100.5MHz,
400,송신소(경인 TBN),41,37.5279518,126.7277228,100.5MHz,
401,송신소(경인 TBN),45,37.532539,126.723442,100.5MHz,
402,송신소(경인 TBN),43,37.6450477,126.6789465,100.5MHz,
403,송신소(경인 TBN),38,37.32377,126.96044,100.5MHz,
404,송신소(경인 TBN),39,37.3288131,126.9340971,100.5MHz,
405,송신소(경인 TBN),38,37.398499,126.9314288,100.5MHz,
406,송신소(경인 TBN),33,37.39898,126.945052,100.5MHz,
407,송신소(경인 TBN),37,37.4209125,126.906375,100.5MHz,
408,송신소(경인 TBN),45,37.39246,126.955192,100.5MHz,
409,송신소(경인 TBN),40,37.3850289,126.9569544,100.5MHz,
410,송신소(경인 TBN),41,37.3721414,126.9498444,100.5MHz,
411,송신소(경인 TBN),36,37.3009444,126.8663537,100.5MHz,
412,송신소(경인 TBN),40,37.301546,126.866884,100.5MHz,
413,송신소(경인 TBN),44,37.3441432,126.8581874,100.5MHz,
414,송신소(경인 TBN),35,37.303457,126.843355,100.5MHz,
415,송신소(경인 TBN),41,37.3482257,126.8366616,100.5MHz,
416,송신소(경인 TBN),40,37.2998143,126.8033884,100.5MHz,
417,송신소(경인 TBN),39,37.3088411,126.8070823,100.5MHz,
418,송신소(경인 TBN),40,37.4002763,126.7437084,100.5MHz,
419,송신소(경인 TBN),47,37.391248,126.8265781,100.5MHz,
420,송신소(경인 TBN),44,37.396831,126.8465204,100.5MHz,
421,송신소(경인 TBN),54,37.4374921,126.8134392,100.5MHz,
422,송신소(경인 TBN),31,37.3834145,126.759807,100.5MHz,
423,송신소(경인 TBN),51,37.3802754,126.7301156,100.5MHz,
424,송신소(경인 TBN),43,37.360466,126.7105978,100.5MHz,
425,송신소(경인 TBN),43,37.3456106,126.6769999,100.5MHz,
426,송신소(경인 TBN),38,37.568105,126.8397203,100.5MHz,
427,송신소(경인 TBN),42,37.5734199,126.8092691,100.5MHz,
428,송신소(경인 TBN),50,37.572455,126.8046503,100.5MHz,
429,송신소(경인 TBN),36,37.5317675,126.8445168,100.5MHz,
430,송신소(경인 TBN),38,37.5317662,126.8291959,100.5MHz,
431,송신소(경인 TBN),48,37.50413,126.7665698,100.5MHz,
432,송신소(경인 TBN),47,37.50265,126.7978947,100.5MHz,
433,송신소(경인 TBN),48,37.5036502,126.7848846,100.5MHz,
434,송신소(경인 TBN),39,37.524061,126.804842,100.5MHz,
435,송신소(경인 TBN),41,37.6040819,126.7599953,100.5MHz,
436,송신소(경인 TBN),44,37.5910548,126.7682222,100.5MHz,
437,송신소(경인 TBN),43,37.6068643,126.5660982,100.5MHz,
438,송신소(경인 TBN),34,37.6272726,126.7099995,100.5MHz,
439,송신소(경인 TBN),34,37.6114416,126.7331088,100.5MHz,
440,송신소(경인 TBN),38,37.6662668,126.6492266,100.5MHz,
441,송신소(경인 TBN),36,37.657907,126.667671,100.5MHz,
442,송신소(경인 TBN),34,37.701334,126.570424,100.5MHz,
443,송신소(경인 TBN),38,37.7243688,126.5348473,100.5MHz,
444,송신소(경인 TBN),40,37.733756,126.5211813,100.5MHz,
445,송신소(경인 TBN),33,37.675615,126.633753,100.5MHz,
446,송신소(경인 TBN),43,37.6898741,126.5956479,100.5MHz,
447,송신소(경인 TBN),36,37.7000893,126.6258257,100.5MHz,
448,송신소(경인 TBN),45,37.4235786,126.892043,100.5MHz,
449,송신소(경인 TBN),40,37.665175,126.748343,100.5MHz,
450,송신소(경인 TBN),46,37.639934,126.757735,100.5MHz,
451,송신소(경인 TBN),39,37.657615,126.832174,100.5MHz,
452,송신소(경인 TBN),36,37.657882,126.8252374,100.5MHz,
453,송신소(경인 TBN),36,37.7435685,126.496574,100.5MHz,
454,송신소(경인 TBN),46,37.6372953,126.491354,100.5MHz,
455,송신소(경인 TBN),35,37.6388972,126.48137,100.5MHz,
456,송신소(경인 TBN),32,37.735226,126.3880003,100.5MHz,
457,송신소(경인 TBN),31,37.7181169,126.3879175,100.5MHz,
458,송신소(경인 TBN),47,37.649438,126.523647,100.5MHz,
459,송신소(경인 TBN),35,37.7618629,126.4634644,100.5MHz,
460,송신소(경인 TBN),36,37.7438178,126.4886518,100.5MHz,
461,중계소(영종도),75,37.4503696,126.3687436,105.5MHz,
462,중계소(영종도),75,37.4559533,126.3595893,105.5MHz,
463,중계소(영종도),71,37.4585162,126.3639475,105.5MHz,
464,중계소(영종도),65,37.4634256,126.3672823,105.5MHz,
465,중계소(영종도),58,37.464575,126.3706656,105.5MHz,
466,중계소(영종도),48,37.4585557,126.3757262,105.5MHz,
467,중계소(영종도),50,37.4552046,126.3832254,105.5MHz,
468,중계소(영종도),67,37.4496221,126.3873085,105.5MHz,
469,중계소(영종도),55,37.4488717,126.3849366,105.5MHz,
470,중계소(영종도),54,37.4461506,126.3819006,105.5MHz,
471,중계소(영종도),64,37.4452683,126.3811503,105.5MHz,
472,중계소(영종도),57,37.43854,126.376421,105.5MHz,
473,중계소(영종도),60,37.4426505,126.3734489,105.5MHz,
474,중계소(영종도),63,37.447737,126.3711914,105.5MHz,
475,중계소(영종도),66,37.445182,126.3970842,105.5MHz,
476,중계소(영종도),70,37.4485725,126.3671195,105.5MHz,
477,중계소(영종도),72,37.4494944,126.3672196,105.5MHz,
478,중계소(영종도),33,37.459064,126.4753183,105.5MHz,
479,중계소(영종도),39,37.4990525,126.4509496,105.5MHz,
480,중계소(영종도),36,37.494794,126.4744543,105.5MHz,
481,중계소(영종도),35,37.4918963,126.4837199,105.5MHz,
482,중계소(영종도),33,37.4929259,126.4914676,105.5MHz,
483,중계소(영종도),35,37.4855305,126.5037412,105.5MHz,
484,중계소(영종도),34,37.468047,126.508153,105.5MHz,
485,중계소(영종도),33,37.4700662,126.5109678,105.5MHz,
486,중계소(영종도),35,37.4067539,126.5595874,105.5MHz,
487,송신소(대구 TBN),50,36.198099,128.670958,103.9MHz,
488,송신소(대구 TBN),42,36.3586078,128.6859282,103.9MHz,
489,송신소(대구 TBN),40,36.561661,128.7180028,103.9MHz,
490,송신소(대구 TBN),20,36.1750707,128.8464628,103.9MHz,
491,송신소(대구 TBN),22,35.7912522,128.4967709,103.9MHz,
492,송신소(대구 TBN),20,36.356702,129.1550249,103.9MHz,
493,송신소(대구 TBN),43,35.9629865,128.9213619,103.9MHz,
494,송신소(대구 TBN),30,35.9809216,129.1013883,103.9MHz,
495,송신소(대구 TBN),51,35.9021684,128.8403432,103.9MHz,
496,송신소(대구 TBN),25,35.7680107,128.9747459,103.9MHz,
497,송신소(대구 TBN),54,35.8295255,128.6815437,103.9MHz,
498,송신소(대구 TBN),30,35.6535754,128.7413486,103.9MHz,
499,송신소(대구 TBN),56,35.8935637,128.5722052,103.9MHz,
500,송신소(대구 TBN),36,35.7604731,128.3966948,103.9MHz,
501,송신소(대구 TBN),35,35.722364,128.2542371,103.9MHz,
502,송신소(대구 TBN),40,36.0189942,128.4009341,103.9MHz,
503,송신소(대구 TBN),42,36.1061221,128.1703681,103.9MHz,
504,송신소(대구 TBN),51,36.1344496,128.033297,103.9MHz,
505,송신소(대구 TBN),39,36.1506504,128.487592,103.9MHz,
506,송신소(대구 TBN),55,36.2383344,128.3003498,103.9MHz,
507,송신소(대구 TBN),34,36.4109664,128.1568352,103.9MHz,
508,송신소(대구 TBN),39,36.6466897,128.4352491,103.9MHz,
509,송신소(대구 TBN),23,36.8930935,128.7303808,103.9MHz,
510,송신소(대구 TBN),36,36.5773175,128.4517856,103.9MHz,
511,송신소(대구 TBN),42,35.9732633,128.9364157,103.9MHz,
512,송신소(대구 TBN),30,36.806429,128.6218213,103.9MHz,
513,송신소(대구 TBN),21,36.436294,129.0548913,103.9MHz,
514,송신소(대구 TBN),34,36.5868172,128.1849022,103.9MHz,
515,송신소(대구 TBN),61,35.8999331,128.6328353,103.9MHz,
516,송신소(대구 TBN),53,35.8742705,128.6858866,103.9MHz,
517,송신소(대구 TBN),47,35.8790452,128.5527323,103.9MHz,
518,송신소(대구 TBN),48,35.8715444,128.5938572,103.9MHz,
519,송신소(대구 TBN),53,35.8324857,128.5815385,103.9MHz,
520,송신소(대구 TBN),55,35.9068477,128.6111243,103.9MHz,
521,송신소(대구 TBN),61,35.8589382,128.6439465,103.9MHz,
522,송신소(대구 TBN),58,35.8591044,128.624004,103.9MHz,
523,송신소(대구 TBN),48,35.7950539,128.4808804,103.9MHz,
524,송신소(대구 TBN),47,35.8508264,128.5554551,103.9MHz,
525,송신소(대구 TBN),40,35.9088196,128.5715519,103.9MHz,
526,송신소(대구 TBN),50,35.9358989,128.526722,103.9MHz,
527,송신소(대구 TBN),48,36.0062518,128.5406354,103.9MHz,
528,송신소(대구 TBN),38,36.0965741,128.5246066,103.9MHz,
529,송신소(대구 TBN),40,36.1524568,128.5440866,103.9MHz,
530,송신소(대구 TBN),48,36.1496452,128.5425954,103.9MHz,
531,송신소(대구 TBN),54,35.9539277,128.6882175,103.9MHz,
532,송신소(대구 TBN),54,36.1753184,128.7165141,103.9MHz,
533,송신소(대구 TBN),30,36.147217,128.663065,103.9MHz,
534,송신소(대구 TBN),30,36.1750006,128.8529163,103.9MHz,
535,송신소(대구 TBN),24,36.2743654,128.891328,103.9MHz,
536,송신소(대구 TBN),19,36.290671,129.014644,103.9MHz,
537,송신소(대구 TBN),45,36.419527,128.687129,103.9MHz,
538,송신소(대구 TBN),22,36.8076849,128.6107003,103.9MHz,
539,송신소(대구 TBN),20,36.8217224,128.6225279,103.9MHz,
540,송신소(대구 TBN),23,36.8204852,128.6074538,103.9MHz,
541,송신소(대구 TBN),28,36.811072,128.6227543,103.9MHz,
542,송신소(대구 TBN),23,36.8599275,128.6644403,103.9MHz,
543,송신소(대구 TBN),24,36.8906495,128.7362692,103.9MHz,
544,송신소(대구 TBN),22,36.623036,128.3752282,103.9MHz,
545,송신소(대구 TBN),30,36.6060349,128.2044897,103.9MHz,
546,송신소(대구 TBN),26,36.5305708,128.1611012,103.9MHz,
547,송신소(대구 TBN),45,36.4842712,128.1718018,103.9MHz,
548,송신소(대구 TBN),21,36.7368228,128.1016902,103.9MHz,
549,송신소(대구 TBN),28,36.411549,128.159657,103.9MHz,
550,송신소(대구 TBN),30,36.3546501,128.2925215,103.9MHz,
551,송신소(대구 TBN),39,36.15074,128.489844,103.9MHz,
552,송신소(대구 TBN),34,36.1078095,128.4172975,103.9MHz,
553,송신소(대구 TBN),43,35.9127098,128.6603324,103.9MHz,
554,송신소(대구 TBN),41,35.9437901,128.6964392,103.9MHz,
555,송신소(대구 TBN),42,35.9518184,128.7733761,103.9MHz,
556,송신소(대구 TBN),21,36.0543108,129.0202666,103.9MHz,
557,송신소(대구 TBN),17,36.0421186,129.0640406,103.9MHz,
558,송신소(대구 TBN),47,35.8322424,128.7553859,103.9MHz,
559,송신소(대구 TBN),42,35.9642644,128.9356382,103.9MHz,
560,송신소(대구 TBN),53,35.8003307,128.4704256,103.9MHz,
561,송신소(대구 TBN),36,35.7604731,128.3966948,103.9MHz,
562,송신소(대구 TBN),35,35.7261414,128.2607641,103.9MHz,
563,송신소(대구 TBN),32,35.691662,128.457803,103.9MHz,
564,송신소(대구 TBN),27,35.6917017,128.3163947,103.9MHz,
565,송신소(대구 TBN),41,35.6945734,128.8860672,103.9MHz,
566,중계소(김천),24,36.2428265,128.0909882,95.9MHz,
567,중계소(김천),20,36.236602,128.199814,95.9MHz,
568,중계소(김천),30,36.1595897,128.2643629,95.9MHz,
569,중계소(김천),30,36.06008,128.268992,95.9MHz,
570,중계소(김천),54,36.1082178,128.1680244,95.9MHz,
571,중계소(김천),50,36.128729,128.183086,95.9MHz,
572,중계소(김천),42,36.0952789,128.1087947,95.9MHz,
573,중계소(김천),51,36.1334675,128.0325335,95.9MHz,
574,중계소(김천),33,36.1997186,127.9944874,95.9MHz,
575,중계소(김천),50,36.125156,128.13178,95.9MHz,
576,송신소(대전 TBN),69,36.335552,127.3577112,102.9MHz,
577,송신소(대전 TBN),63,36.3338581,127.369638,102.9MHz,
578,송신소(대전 TBN),62,36.3577165,127.3773032,102.9MHz,
579,송신소(대전 TBN),77,36.3566893,127.4030786,102.9MHz,
580,송신소(대전 TBN),61,36.3590506,127.4299926,102.9MHz,
581,송신소(대전 TBN),61,36.351055,127.44201,102.9MHz,
582,송신소(대전 TBN),56,36.355227,127.459436,102.9MHz,
583,송신소(대전 TBN),56,36.3488859,127.4720722,102.9MHz,
584,송신소(대전 TBN),66,36.318372,127.462294,102.9MHz,
585,송신소(대전 TBN),70,36.3068629,127.4545194,102.9MHz,
586,송신소(대전 TBN),66,36.2959754,127.458075,102.9MHz,
587,송신소(대전 TBN),56,36.2685623,127.4055307,102.9MHz,
588,송신소(대전 TBN),46,36.215069,127.4887964,102.9MHz,
589,송신소(대전 TBN),40,36.1887108,27.4720487,102.9MHz,
590,송신소(대전 TBN),39,36.1904048,127.4635495,102.9MHz,
591,송신소(대전 TBN),24,36.1628236,127.3958623,102.9MHz,
592,송신소(대전 TBN),38,36.1393536,127.3615884,102.9MHz,
593,송신소(대전 TBN),32,36.1658224,127.3437838,102.9MHz,
594,송신소(대전 TBN),36,36.1474678,126.7029647,102.9MHz,
595,송신소(대전 TBN),33,36.16613,127.299834,102.9MHz,
596,송신소(대전 TBN),24,36.3503938,127.4128217,102.9MHz,
597,송신소(대전 TBN),27,36.1600984,126.9260013,102.9MHz,
598,송신소(대전 TBN),37,36.1749299,127.2015472,102.9MHz,
599,송신소(대전 TBN),33,36.144213,127.168557,102.9MHz,
600,송신소(대전 TBN),28,36.133062,127.154569,102.9MHz,
601,송신소(대전 TBN),33,36.1244344,127.1219061,102.9MHz,
602,송신소(대전 TBN),33,36.122268,127.1255725,102.9MHz,
603,송신소(대전 TBN),33,36.0819668,127.0938266,102.9MHz,
604,송신소(대전 TBN),25,36.1236289,127.1237393,102.9MHz,
605,송신소(대전 TBN),39,36.1475415,127.0515233,102.9MHz,
606,송신소(대전 TBN),37,36.2245321,127.0443276,102.9MHz,
607,송신소(대전 TBN),24,36.2989122,127.0587131,102.9MHz,
608,송신소(대전 TBN),15,36.4264527,127.0722084,102.9MHz,
609,송신소(대전 TBN),31,36.4856124,127.0830946,102.9MHz,
610,송신소(대전 TBN),38,36.5001941,127.0932877,102.9MHz,
611,송신소(대전 TBN),44,36.5703813,127.1125288,102.9MHz,
612,송신소(대전 TBN),35,36.625096,127.1120325,102.9MHz,
613,송신소(대전 TBN),32,36.7287222,127.1386756,102.9MHz,
614,송신소(대전 TBN),28,36.788912,127.1165,102.9MHz,
615,송신소(대전 TBN),28,36.7546922,127.1563025,102.9MHz,
616,송신소(대전 TBN),28,36.751452,127.168097,102.9MHz,
617,송신소(대전 TBN),25,36.7307,127.167356,102.9MHz,
618,송신소(대전 TBN),31,36.7030128,127.1086523,102.9MHz,
619,송신소(대전 TBN),19,36.681507,127.1674535,102.9MHz,
620,송신소(대전 TBN),30,36.6186805,127.1215152,102.9MHz,
621,송신소(대전 TBN),35,36.6302614,127.0637149,102.9MHz,
622,송신소(대전 TBN),32,36.646205,127.040945,102.9MHz,
623,송신소(대전 TBN),34,36.6542858,127.0381611,102.9MHz,
624,송신소(대전 TBN),28,36.620082,127.123751,102.9MHz,
625,송신소(대전 TBN),44,36.591745,127.165002,102.9MHz,
626,송신소(대전 TBN),35,36.559043,127.187992,102.9MHz,
627,송신소(대전 TBN),38,36.544273,127.212184,102.9MHz,
628,송신소(대전 TBN),40,36.527749,127.248818,102.9MHz,
629,송신소(대전 TBN),42,36.470805,127.254946,102.9MHz,
630,송신소(대전 TBN),35,36.46128,127.27787,102.9MHz,
631,송신소(대전 TBN),42,36.479732,127.308254,102.9MHz,
632,송신소(대전 TBN),53,36.416806,127.377766,102.9MHz,
633,송신소(대전 TBN),51,36.3885458,127.3699523,102.9MHz,
634,송신소(대전 TBN),55,36.389132,127.385105,102.9MHz,
635,송신소(대전 TBN),55,36.388642,127.385233,102.9MHz,
636,송신소(대전 TBN),60,36.3746031,127.3708415,102.9MHz,
637,송신소(대전 TBN),30,36.763057,127.560277,102.9MHz,
638,송신소(대전 TBN),35,36.735203,127.552642,102.9MHz,
639,송신소(대전 TBN),34,36.711607,127.550864,102.9MHz,
640,송신소(대전 TBN),38,36.679106,127.520463,102.9MHz,
641,송신소(대전 TBN),51,36.671028,127.518282,102.9MHz,
642,송신소(대전 TBN),51,36.671178,127.518861,102.9MHz,
643,송신소(대전 TBN),40,36.662096,127.511927,102.9MHz,
644,송신소(대전 TBN),36,36.653099,127.5107823,102.9MHz,
645,송신소(대전 TBN),38,36.610835,127.452825,102.9MHz,
646,송신소(대전 TBN),36,36.614828,127.461508,102.9MHz,
647,송신소(대전 TBN),35,36.615525,127.470905,102.9MHz,
648,송신소(대전 TBN),38,36.6070494,127.4795922,102.9MHz,
649,송신소(대전 TBN),34,36.6190185,127.4823577,102.9MHz,
650,송신소(대전 TBN),39,36.6251027,127.4902676,102.9MHz,
651,송신소(대전 TBN),48,36.640543,127.51311,102.9MHz,
652,송신소(대전 TBN),70,36.6455339,127.522068,102.9MHz,
653,송신소(대전 TBN),43,36.3377854,126.9242914,102.9MHz,
654,송신소(대전 TBN),44,36.6446851,127.5582225,102.9MHz,
655,송신소(대전 TBN),31,36.623293,127.612553,102.9MHz,
656,송신소(대전 TBN),40,36.6203006,127.636299,102.9MHz,
657,송신소(대전 TBN),30,36.6360768,127.6557967,102.9MHz,
658,송신소(대전 TBN),32,36.600332,127.683539,102.9MHz,
659,송신소(대전 TBN),34,36.592538,127.684087,102.9MHz,
660,송신소(대전 TBN),47,36.572712,127.689372,102.9MHz,
661,송신소(대전 TBN),42,36.550703,127.703632,102.9MHz,
662,송신소(대전 TBN),30,36.5359788,127.7141272,102.9MHz,
663,송신소(대전 TBN),44,36.4920122,127.7284881,102.9MHz,
664,송신소(대전 TBN),36,36.4977339,127.7419311,102.9MHz,
665,송신소(대전 TBN),35,36.5160099,127.7650395,102.9MHz,
666,송신소(대전 TBN),40,36.5102608,127.7735944,102.9MHz,
667,송신소(대전 TBN),37,36.5193989,127.7923979,102.9MHz,
668,송신소(대전 TBN),36,36.5118168,127.8069245,102.9MHz,
669,송신소(대전 TBN),22,36.495922,127.822379,102.9MHz,
670,송신소(대전 TBN),28,36.4931806,127.8346168,102.9MHz,
671,송신소(대전 TBN),37,36.4895143,127.8287896,102.9MHz,
672,송신소(대전 TBN),31,36.4664607,127.7851779,102.9MHz,
673,송신소(대전 TBN),30,36.4615725,127.790983,102.9MHz,
674,송신소(대전 TBN),29,36.4556562,127.7789669,102.9MHz,
675,송신소(대전 TBN),32,36.4563775,127.7373597,102.9MHz,
676,송신소(대전 TBN),42,36.4568495,127.7173513,102.9MHz,
677,송신소(대전 TBN),30,36.4662642,127.6806704,102.9MHz,
678,송신소(대전 TBN),26,36.474011,127.643977,102.9MHz,
679,송신소(대전 TBN),35,36.47479,127.6247311,102.9MHz,
680,송신소(대전 TBN),64,36.4867884,127.6062778,102.9MHz,
681,송신소(대전 TBN),33,36.5097572,127.572086,102.9MHz,
682,송신소(대전 TBN),38,36.5118956,127.5585317,102.9MHz,
683,송신소(대전 TBN),35,36.5121176,127.5505602,102.9MHz,
684,송신소(대전 TBN),48,36.5298925,127.5050641,102.9MHz,
685,송신소(대전 TBN),36,36.5439375,127.4824988,102.9MHz,
686,송신소(대전 TBN),54,36.564778,127.430754,102.9MHz,
687,송신소(대전 TBN),35,36.533564,127.430482,102.9MHz,
688,송신소(대전 TBN),54,36.530836,127.409951,102.9MHz,
689,송신소(대전 TBN),36,36.52918,127.391182,102.9MHz,
690,송신소(대전 TBN),34,36.529344,127.376902,102.9MHz,
691,송신소(대전 TBN),36,36.538143,127.366381,102.9MHz,
692,송신소(대전 TBN),34,36.529663,127.377038,102.9MHz,
693,송신소(대전 TBN),42,36.532955,127.426325,102.9MHz,
694,송신소(대전 TBN),40,36.486398,127.423637,102.9MHz,
695,송신소(대전 TBN),38,36.450994,127.428796,102.9MHz,
696,송신소(대전 TBN),43,36.5206679,127.3135272,102.9MHz,
697,송신소(대전 TBN),48,36.3111645,127.2621211,102.9MHz,
698,송신소(대전 TBN),36,36.455565,127.283852,102.9MHz,
699,송신소(대전 TBN),42,36.4364554,127.2839767,102.9MHz,
700,송신소(대전 TBN),37,36.412857,127.267361,102.9MHz,
701,송신소(대전 TBN),46,36.401455,127.243325,102.9MHz,
702,중계소(충주),35,37.00878,127.660052,93.5MHz,
703,중계소(충주),30,37.0068631,127.6713688,93.5MHz,
704,중계소(충주),33,37.007959,127.696965,93.5MHz,
705,중계소(충주),30,37.040144,127.739318,93.5MHz,
706,중계소(충주),26,37.038632,127.761749,93.5MHz,
707,중계소(충주),31,37.036439,127.776224,93.5MHz,
708,중계소(충주),33,37.035654,127.782033,93.5MHz,
709,중계소(충주),40,37.035661,127.787429,93.5MHz,
710,중계소(충주),52,37.036209,127.804296,93.5MHz,
711,중계소(충주),48,37.052879,127.847758,93.5MHz,
712,중계소(충주),42,37.065364,127.929814,93.5MHz,
713,중계소(충주),48,37.053677,127.847893,93.5MHz,
714,중계소(충주),30,37.062173,127.929469,93.5MHz,
715,중계소(충주),25,37.073175,127.932309,93.5MHz,
716,중계소(충주),31,37.093453,127.92131,93.5MHz,
717,중계소(충주),49,37.1134333,127.8836951,93.5MHz,
718,중계소(충주),34,37.0615751,128.1661043,93.5MHz,
719,중계소(충주),37,37.148949,127.883177,93.5MHz,
720,중계소(충주),41,37.148924,127.882818,93.5MHz,
721,중계소(충주),22,37.120053,127.986299,93.5MHz,
722,중계소(충주),15,37.1239685,128.000833,93.5MHz,
723,중계소(충주),46,37.043072,127.928053,93.5MHz,
724,중계소(충주),52,37.041201,127.928107,93.5MHz,
725,중계소(충주),51,37.002384,127.898889,93.5MHz,
726,중계소(충주),50,36.990174,127.887173,93.5MHz,
727,중계소(충주),56,36.961456,127.88619,93.5MHz,
728,중계소(충주),51,36.950746,127.880758,93.5MHz,
729,중계소(충주),50,36.939335,127.884629,93.5MHz,
730,중계소(충주),22,36.93276,127.928601,93.5MHz,
731,중계소(충주),51,36.950746,127.881038,93.5MHz,
732,중계소(충주),28,36.942686,127.918373,93.5MHz,
733,중계소(충주),45,36.951072,127.910225,93.5MHz,
734,중계소(충주),43,36.960252,127.926758,93.5MHz,
735,중계소(충주),45,36.972759,127.923211,93.5MHz,
736,중계소(충주),69,36.969355,127.94672,93.5MHz,
737,중계소(충주),80,36.972823,127.980105,93.5MHz,
738,중계소(충주),58,36.6969468,128.1908532,93.5MHz,
739,중계소(충주),41,36.998529,127.994129,93.5MHz,
740,중계소(충주),28,37.012226,127.979772,93.5MHz,
741,중계소(충주),21,37.0263963,127.9596453,93.5MHz,
742,중계소(충주),46,37.029139,127.924239,93.5MHz,
743,중계소(충주),36,37.0702734,127.8633306,93.5MHz,
744,중계소(충주),36,37.088136,127.806936,93.5MHz,
745,중계소(충주),38,37.1001616,127.7708003,93.5MHz,
746,중계소(충주),24,37.1119923,127.7050285,93.5MHz,
747,중계소(충주),12,37.11791,127.663471,93.5MHz,
748,중계소(충주),24,37.07858,127.7199725,93.5MHz,
749,중계소(충주),32,37.0347811,127.7961886,93.5MHz,
750,중계소(충주),46,36.9683562,127.8235387,93.5MHz,
751,중계소(충주),32,37.002539,127.849721,93.5MHz,
752,중계소(충주),28,36.9787055,127.8444633,93.5MHz,
753,중계소(충주),47,36.9550417,127.8450195,93.5MHz,
754,중계소(충주),42,36.9365718,127.8535192,93.5MHz,
755,중계소(충주),35,36.9209353,127.8769341,93.5MHz,
756,중계소(공주),47,36.3458584,127.2629689,102.9MHz,
757,중계소(공주),36,36.441926,127.119533,102.9MHz,
758,중계소(공주),33,36.4486117,127.0785737,102.9MHz,
759,중계소(공주),19,36.428154,127.214742,102.9MHz,
760,중계소(공주),37,36.4056246,127.2200392,102.9MHz,
761,중계소(공주),31,36.401455,127.243325,102.9MHz,
762,중계소(공주),43,36.3711017,127.2585087,102.9MHz,
763,중계소(공주),40,36.3632694,127.2664804,102.9MHz,
764,중계소(공주),22,36.475665,127.037139,102.9MHz,
765,중계소(공주),44,36.456581,127.124771,102.9MHz,
766,중계소(공주),52,36.3051113,127.3511405,102.9MHz,
767,중계소(공주),51,36.298759,127.323698,102.9MHz,
768,중계소(공주),56,36.29836,127.347709,102.9MHz,
769,중계소(공주),72,36.333859,127.371838,102.9MHz,
770,중계소(공주),62,36.3130552,127.3779155,102.9MHz,
771,중계소(공주),56,36.30875,127.367,102.9MHz,
772,중계소(공주),40,36.4719482,127.122769,102.9MHz,
773,중계소(공주),21,36.521567,126.953252,102.9MHz,
774,중계소(공주),40,36.4775861,127.1022709,102.9MHz,
775,중계소(공주),67,36.4560336,127.1315464,102.9MHz,
776,중계소(공주),60,36.458315,127.137814,102.9MHz,
777,중계소(공주),30,36.4688929,127.1149365,102.9MHz,
778,중계소(공주),35,36.4710314,127.1075708,102.9MHz,
779,중계소(공주),30,36.461278,127.101491,102.9MHz,
780,중계소(공주),33,36.457896,127.109622,102.9MHz,
781,중계소(공주),49,36.2719471,127.2688993,102.9MHz,
782,중계소(공주),47,36.332257,127.265391,102.9MHz,
783,중계소(공주),56,36.3898786,127.338195,102.9MHz,
784,중계소(공주),32,36.4320639,127.109938,102.9MHz,
785,중계소(서산),34,36.588798,126.924779,103.9MHz,
786,중계소(서산),33,36.575119,126.946412,103.9MHz,
787,중계소(서산),16,36.5646844,126.9741196,103.9MHz,
788,중계소(서산),36,36.690559,126.742903,103.9MHz,
789,중계소(서산),37,36.68748,126.758997,103.9MHz,
790,중계소(서산),46,36.6881369,126.7089586,103.9MHz,
791,중계소(서산),59,36.68868,126.676287,103.9MHz,
792,중계소(서산),20,36.642654,126.829806,103.9MHz,
793,중계소(서산),39,36.660488,126.672053,103.9MHz,
794,중계소(서산),24,36.5955399,126.865846,103.9MHz,
795,중계소(서산),31,36.6194355,126.8442164,103.9MHz,
796,중계소(서산),36,36.6767785,126.7731583,103.9MHz,
797,중계소(서산),36,36.6829727,126.8178093,103.9MHz,
798,중계소(서산),35,36.7044424,126.8216417,103.9MHz,
799,중계소(서산),33,36.6894435,126.7813405,103.9MHz,
800,중계소(서산),39,36.6871382,126.7750911,103.9MHz,
801,중계소(서산),38,36.6750841,126.7775357,103.9MHz,
802,중계소(서산),40,36.659754,126.670017,103.9MHz,
803,중계소(서산),37,36.656423,126.678846,103.9MHz,
804,송신소(부산 TBN),47,35.211808,129.205019,94.9MHz,
805,송신소(부산 TBN),36,35.279992,129.225334,94.9MHz,
806,송신소(부산 TBN),29,35.41359,129.26064,94.9MHz,
807,송신소(부산 TBN),21,35.491119,129.229555,94.9MHz,
808,송신소(부산 TBN),39,35.389414,129.156957,94.9MHz,
809,송신소(부산 TBN),64,35.337995,129.1237,94.9MHz,
810,송신소(부산 TBN),63,35.265538,129.092563,94.9MHz,
811,송신소(부산 TBN),80,35.205709,129.078146,94.9MHz,
812,송신소(부산 TBN),73,35.17984,129.074157,94.9MHz,
813,송신소(부산 TBN),75,35.147241,129.059295,94.9MHz,
814,송신소(부산 TBN),72,35.115306,129.039678,94.9MHz,
815,송신소(부산 TBN),47,35.213278,129.024227,94.9MHz,
816,송신소(부산 TBN),68,35.198217,129.096567,94.9MHz,
817,송신소(부산 TBN),64,35.232227,129.15362,94.9MHz,
818,송신소(부산 TBN),39,35.256774,129.2245,94.9MHz,
819,송신소(부산 TBN),28,35.416044,129.274274,94.9MHz,
820,송신소(부산 TBN),31,35.245092,129.222,94.9MHz,
821,송신소(부산 TBN),49,35.343036,129.306191,94.9MHz,
822,송신소(부산 TBN),34,35.360771,129.354898,94.9MHz,
823,송신소(부산 TBN),26,35.392336,129.332799,94.9MHz,
824,송신소(부산 TBN),48,35.223494,129.009243,94.9MHz,
825,송신소(부산 TBN),40,35.281081,129.016831,94.9MHz,
826,송신소(부산 TBN),32,35.412376,129.056487,94.9MHz,
827,송신소(부산 TBN),37,35.499974,129.095785,94.9MHz,
828,송신소(부산 TBN),62,35.250752,129.097599,94.9MHz,
829,송신소(부산 TBN),32,35.378242,129.051713,94.9MHz,
830,송신소(부산 TBN),52,35.219256,128.974382,94.9MHz,
831,송신소(부산 TBN),37,35.308519,129.012286,94.9MHz,
832,송신소(부산 TBN),41,35.318986,128.943466,94.9MHz,
833,송신소(부산 TBN),24,35.400163,128.820523,94.9MHz,
834,송신소(부산 TBN),41,35.225444,128.894744,94.9MHz,
835,송신소(부산 TBN),34,35.261084,128.755511,94.9MHz,
836,송신소(부산 TBN),60,35.155854,128.951964,94.9MHz,
837,송신소(부산 TBN),46,35.220845,128.795256,94.9MHz,
838,송신소(부산 TBN),45,35.217303,128.844825,94.9MHz,
839,송신소(부산 TBN),29,35.269863,128.860386,94.9MHz,
840,송신소(부산 TBN),24,35.398383,128.828618,94.9MHz,
841,송신소(부산 TBN),53,35.100514,129.01977,94.9MHz,
842,송신소(부산 TBN),35,35.099722,128.983502,94.9MHz,
843,송신소(부산 TBN),40,35.111094,128.931914,94.9MHz,
844,송신소(부산 TBN),32,35.105269,128.809044,94.9MHz,
845,송신소(부산 TBN),29,35.131866,128.708842,94.9MHz,
846,송신소(부산 TBN),64,35.282988,129.112669,94.9MHz,
847,송신소(부산 TBN),41,35.304903,128.896378,94.9MHz,
848,송신소(부산 TBN),26,35.278994,128.719812,94.9MHz,
849,송신소(울산 TBN),53,35.6728507,129.2863518,104.1MHz,
850,송신소(울산 TBN),48,35.7321452,129.3124736,104.1MHz,
851,송신소(울산 TBN),28,35.7650707,129.1931752,104.1MHz,
852,송신소(울산 TBN),38,35.7102248,129.1885606,104.1MHz,
853,송신소(울산 TBN),40,35.644388,129.1603623,104.1MHz,
854,송신소(울산 TBN),35,35.617393,129.1475448,104.1MHz,
855,송신소(울산 TBN),43,35.5728701,129.1275757,104.1MHz,
856,송신소(울산 TBN),46,35.5319578,129.1025514,104.1MHz,
857,송신소(울산 TBN),37,35.4992671,129.0937754,104.1MHz,
858,송신소(울산 TBN),24,35.3782528,129.0494774,104.1MHz,
859,송신소(울산 TBN),20,35.3350077,129.0348688,104.1MHz,
860,송신소(울산 TBN),32,35.3739775,129.1511069,104.1MHz,
861,송신소(울산 TBN),40,35.4177504,129.169715,104.1MHz,
862,송신소(울산 TBN),42,35.461863,129.2049123,104.1MHz,
863,송신소(울산 TBN),38,35.4910761,129.2272909,104.1MHz,
864,송신소(울산 TBN),53,35.517129,129.2472883,104.1MHz,
865,송신소(울산 TBN),48,35.5352422,129.2573952,104.1MHz,
866,송신소(울산 TBN),58,35.5500698,129.2615916,104.1MHz,
867,송신소(울산 TBN),55,35.562569,129.3003654,104.1MHz,
868,송신소(울산 TBN),54,35.5508764,129.3211138,104.1MHz,
869,송신소(울산 TBN),56,35.5252684,129.3284194,104.1MHz,
870,송신소(울산 TBN),52,35.5154368,129.3562782,104.1MHz,
871,송신소(울산 TBN),66,35.510691,129.3832893,104.1MHz,
872,송신소(울산 TBN),37,35.5049429,129.4145461,104.1MHz,
873,송신소(울산 TBN),35,35.4884411,129.4127459,104.1MHz,
874,송신소(울산 TBN),37,35.476637,129.4074963,104.1MHz,
875,송신소(울산 TBN),35,35.4834758,129.4221177,104.1MHz,
876,송신소(울산 TBN),37,35.4969125,129.4255222,104.1MHz,
877,송신소(울산 TBN),48,35.5221318,129.4304099,104.1MHz,
878,송신소(울산 TBN),52,35.5379911,129.4299928,104.1MHz,
879,송신소(울산 TBN),55,35.539469,129.4441747,104.1MHz,
880,송신소(울산 TBN),64,35.5694854,129.3305846,104.1MHz,
881,송신소(울산 TBN),82,35.5931799,129.3534156,104.1MHz,
882,송신소(울산 TBN),78,35.6208128,129.3346105,104.1MHz,
883,송신소(울산 TBN),50,35.6543367,129.3408034,104.1MHz,
884,송신소(울산 TBN),53,35.6772504,129.3307759,104.1MHz,
885,송신소(울산 TBN),38,35.7174956,129.3254142,104.1MHz,
886,송신소(울산 TBN),35,35.805453,129.2590813,104.1MHz,
887,송신소(울산 TBN),45,35.8273696,129.2331975,104.1MHz,
888,송신소(울산 TBN),35,35.8358962,129.2195874,104.1MHz,
889,송신소(울산 TBN),60,35.4664976,129.3302264,104.1MHz,
890,송신소(울산 TBN),52,35.452399,129.3318303,104.1MHz,
891,송신소(울산 TBN),42,35.434777,129.3242243,104.1MHz,
892,송신소(울산 TBN),42,35.392312,129.3305896,104.1MHz,
893,송신소(울산 TBN),31,35.3812302,129.3406723,104.1MHz,
894,송신소(울산 TBN),32,35.3607884,129.3526717,104.1MHz,
895,송신소(울산 TBN),30,35.3262337,129.2733084,104.1MHz,
896,송신소(울산 TBN),35,35.2793963,129.229319,104.1MHz,
897,송신소(울산 TBN),32,35.2518291,129.2186789,104.1MHz,
898,송신소(울산 TBN),30,35.2359394,129.2156325,104.1MHz,
899,송신소(울산 TBN),46,35.53995,129.4305278,104.1MHz,
900,송신소(울산 TBN),59,35.5851332,129.4557879,104.1MHz,
901,송신소(울산 TBN),60,35.578751,129.3941948,104.1MHz,
902,송신소(울산 TBN),50,35.6039555,129.429991,104.1MHz,
903,송신소(울산 TBN),58,35.6283685,129.4330622,104.1MHz,
904,송신소(울산 TBN),40,35.6641431,129.4480431,104.1MHz,
905,송신소(울산 TBN),41,35.6775747,129.4577917,104.1MHz,
906,송신소(울산 TBN),38,35.6996939,129.419267,104.1MHz,
907,송신소(울산 TBN),38,35.7278794,129.385672,104.1MHz,
908,송신소(울산 TBN),24,35.729892,129.3704072,104.1MHz,
909,송신소(울산 TBN),35,35.7174956,129.3254142,104.1MHz,
910,송신소(울산 TBN),51,35.7028425,129.2869572,104.1MHz,
911,송신소(울산 TBN),28,35.7234091,129.2361612,104.1MHz,
912,송신소(전북 TBN),64.9,35.819245,127.086314,102.5MHz,
913,송신소(전북 TBN),66,35.8136106,127.1097824,102.5MHz,
914,송신소(전북 TBN),70.1,35.7751432,127.092457,102.5MHz,
915,송신소(전북 TBN),72,35.735106,127.1494176,102.5MHz,
916,송신소(전북 TBN),71.3,35.6612685,127.0893825,102.5MHz,
917,송신소(전북 TBN),66.4,35.6238464,127.1072668,102.5MHz,
918,송신소(전북 TBN),65,35.598427,127.007337,102.5MHz,
919,송신소(전북 TBN),65.1,35.6749362,126.9749095,102.5MHz,
920,송신소(전북 TBN),68,,,102.5MHz,
921,송신소(전북 TBN),55.5,35.7365066,126.9867128,102.5MHz,
922,송신소(전북 TBN),66.3,35.7751968,127.0002202,102.5MHz,
923,송신소(전북 TBN),62.5,35.8072466,127.0483047,102.5MHz,
924,송신소(전북 TBN),37.05,36.0132886,126.8926333,102.5MHz,
925,송신소(전북 TBN),40.05,36.0630271,126.9848733,102.5MHz,
926,송신소(전북 TBN),42.45,36.0065094,126.9995519,102.5MHz,
927,송신소(전북 TBN),23.3,36.1135705,126.9793973,102.5MHz,
928,송신소(전북 TBN),40.35,36.109446,126.9582291,102.5MHz,
929,송신소(전북 TBN),43.6,36.0239303,126.9021487,102.5MHz,
930,송신소(전북 TBN),43.55,36.0610147,126.930993,102.5MHz,
931,송신소(전북 TBN),46.35,36.0403131,126.8665758,102.5MHz,
932,송신소(전북 TBN),52.6,35.9264995,126.9849828,102.5MHz,
933,송신소(전북 TBN),48,36.0182805,126.9832927,102.5MHz,
934,송신소(전북 TBN),43.75,36.0031597,126.8435017,102.5MHz,
935,송신소(전북 TBN),38.3,35.9619094,126.7670646,102.5MHz,
936,송신소(전북 TBN),35.3,36.0193906,126.7475869,102.5MHz,
937,송신소(전북 TBN),30.25,35.949836,126.6256499,102.5MHz,
938,송신소(전북 TBN),33.6,35.942441,126.6880114,102.5MHz,
939,송신소(전북 TBN),32.1,35.9424205,126.6199832,102.5MHz,
940,송신소(전북 TBN),39.8,35.820222,126.480564,102.5MHz,
941,송신소(전북 TBN),32.7,35.8156272,126.461715,102.5MHz,
942,송신소(전북 TBN),42.85,35.7634404,126.5023764,102.5MHz,
943,송신소(전북 TBN),48.3,35.9064296,126.7215532,102.5MHz,
944,송신소(전북 TBN),37.2,35.6042653,126.6066141,102.5MHz,
945,송신소(전북 TBN),40.8,35.8315307,126.663607,102.5MHz,
946,송신소(전북 TBN),41.9,35.8199616,126.7681253,102.5MHz,
947,송신소(전북 TBN),50.5,35.8035179,126.8783323,102.5MHz,
948,송신소(전북 TBN),48.05,35.7693019,126.7722781,102.5MHz,
949,송신소(전북 TBN),53.75,35.7370254,126.8261357,102.5MHz,
950,송신소(전북 TBN),57.05,35.7219797,126.8951297,102.5MHz,
951,송신소(전북 TBN),48.65,35.7893654,126.9255311,102.5MHz,
952,송신소(전북 TBN),50.55,35.744962,126.9346585,102.5MHz,
953,송신소(전북 TBN),64.7,35.712284,126.989394,102.5MHz,
954,송신소(전북 TBN),48.25,35.6463603,126.8970922,102.5MHz,
955,송신소(전북 TBN),26.4,35.690223,126.885387,102.5MHz,
956,송신소(전북 TBN),55.15,35.6464418,126.8528765,102.5MHz,
957,송신소(전북 TBN),49.5,35.6684629,126.8097238,102.5MHz,
958,송신소(전북 TBN),42.1,35.6533215,126.7290939,102.5MHz,
959,송신소(전북 TBN),42.2,35.5758987,126.8419975,102.5MHz,
960,송신소(전북 TBN),42.45,35.5530297,126.7446066,102.5MHz,
961,송신소(전북 TBN),36.95,35.5060882,126.7606617,102.5MHz,
962,송신소(전북 TBN),43.15,35.5331593,126.7086461,102.5MHz,
963,송신소(전북 TBN),48.9,35.519064,126.697118,102.5MHz,
964,송신소(전북 TBN),29.8,35.4774265,126.6835455,102.5MHz,
965,송신소(전북 TBN),24.4,35.3897777,126.6464067,102.5MHz,
966,송신소(전북 TBN),44.85,35.6673965,126.6716147,102.5MHz,
967,송신소(전북 TBN),38.9,35.7318083,126.7312929,102.5MHz,
968,송신소(전북 TBN),53.35,35.7604725,126.7060417,102.5MHz,
969,송신소(전북 TBN),47.45,35.7783309,126.6304524,102.5MHz,
970,송신소(전북 TBN),47.65,35.7072387,126.7526227,102.5MHz,
971,송신소(전북 TBN),43.65,35.7091948,127.232385,102.5MHz,
972,송신소(전북 TBN),46,35.632145,127.287259,102.5MHz,
973,송신소(전북 TBN),32.3,35.617804,127.2869102,102.5MHz,
974,송신소(전북 TBN),34.55,35.589647,127.2021752,102.5MHz,
975,송신소(전북 TBN),39.9,35.5414829,127.3187102,102.5MHz,
976,중계소(장수),44.2,35.5229718,127.3360344,106.1MHz,
977,중계소(장수),43.9,35.5120385,127.3789914,106.1MHz,
978,중계소(장수),34.75,35.4137987,127.3745475,106.1MHz,
979,중계소(장수),43.5,35.4269664,127.4996061,106.1MHz,
980,중계소(장수),41.3,35.4617304,127.5766493,106.1MHz,
981,중계소(장수),31.45,35.4192221,127.6209942,106.1MHz,
982,중계소(장수),20.8,35.3710882,127.5760552,106.1MHz,
983,중계소(장수),38.8,35.3666091,127.505225,106.1MHz,
984,중계소(장수),31.35,35.3810668,127.4276935,106.1MHz,
985,중계소(장수),39.25,35.3508381,127.3143789,106.1MHz,
986,중계소(장수),35.65,35.378329,127.317374,106.1MHz,
987,중계소(장수),18.2,35.4046535,127.2509999,106.1MHz,
988,중계소(장수),24.95,35.4299669,127.3962929,106.1MHz,
989,중계소(장수),27.15,35.375234,127.1690547,106.1MHz,
990,중계소(장수),23.4,35.4319735,127.1805739,106.1MHz,
991,중계소(장수),25.1,35.7413241,127.3232789,106.1MHz,
992,중계소(장수),24.5,35.792215,127.4289207,106.1MHz,
993,중계소(장수),23.1,35.9474528,127.4633692,106.1MHz,
994,중계소(장수),40.7,35.5840319,127.3940947,106.1MHz,
995,중계소(장수),33.45,35.5881081,127.4178793,106.1MHz,
996,중계소(장수),50.1,35.6123526,127.468126,106.1MHz,
997,중계소(장수),38.6,35.6250844,127.505222,106.1MHz,
998,중계소(장수),47,35.6473043,127.5190256,106.1MHz,
999,중계소(장수),36.15,35.6854129,127.5077902,106.1MHz,35~39.1
1000,중계소(장수),32.5,35.7107603,127.5375887,106.1MHz,30.2~50.8
1001,중계소(장수),35.1,35.743044,127.5870166,106.1MHz,31.1~53.8
1002,중계소(장수),35.85,35.7934057,127.5965939,106.1MHz,18.3~28.3
1003,송신소(제주 TBN),61.2,33.5007357,126.5269491,105.5MHz,30.2~50.5
1004,송신소(제주 TBN),63.9,33.499696,126.5127434,105.5MHz,34.8~52.4
1005,송신소(제주 TBN),65.1,33.500291,126.5038679,105.5MHz,34.8~52.3
1006,송신소(제주 TBN),54.6,33.4969018,126.4731996,105.5MHz,38~54.7
1007,송신소(제주 TBN),59.4,33.4848191,126.4095993,105.5MHz,44.7~60.5
1008,송신소(제주 TBN),56.8,33.4767285,126.4032956,105.5MHz,45.2~50.8
1009,송신소(제주 TBN),53.9,33.4742364,126.3736029,105.5MHz,36.5~51
1010,송신소(제주 TBN),47.8,33.462439,126.332758,105.5MHz,39.2~37.4
1011,송신소(제주 TBN),36.1,33.4444332,126.2984716,105.5MHz,31~39.6
1012,송신소(제주 TBN),41.1,33.4398779,126.2807789,105.5MHz,23.1~37.4
1013,송신소(제주 TBN),28.7,33.4327397,126.2744464,105.5MHz,
1014,송신소(제주 TBN),38.5,33.3785508,126.2240078,105.5MHz,29.6~34.6
1015,송신소(제주 TBN),35.8,33.3704403,126.2045098,105.5MHz,37.6~42
1016,송신소(제주 TBN),37.6,33.3562472,126.1850675,105.5MHz,20.8~44.6
1017,송신소(제주 TBN),39.9,33.2551257,126.5385369,105.5MHz,39.6~46.1
1018,송신소(제주 TBN),52.3,33.2748123,126.1866803,105.5MHz,42~54.6
1019,송신소(제주 TBN),54.5,33.2444553,126.2232331,105.5MHz,33.1~41.3
1020,송신소(제주 TBN),41.7,33.2306517,126.2433982,105.5MHz,35.7~45.9
1021,송신소(제주 TBN),54.1,33.2516224,126.3023089,105.5MHz,35.5~48.3
1022,송신소(제주 TBN),51.8,33.2573447,126.3506932,105.5MHz,41.1~59.9
1023,송신소(제주 TBN),43.1,33.2650108,126.3694135,105.5MHz,36~60.1
1024,송신소(제주 TBN),45.7,33.4600448,126.4446243,105.5MHz,46.5~61
1025,송신소(제주 TBN),41.5,33.4337606,126.4236471,105.5MHz,53.6~60.5
1026,송신소(제주 TBN),33.8,33.410431,126.391205,105.5MHz,36.1~61.2
1027,송신소(제주 TBN),32.3,33.380164,126.3690498,105.5MHz,37.6~63.5
1028,송신소(제주 TBN),43.3,33.3519449,126.3574404,105.5MHz,61.4~68
1029,송신소(제주 TBN),34.7,33.3308362,126.3524136,105.5MHz,32.8~63.7
1030,송신소(제주 TBN),52.7,33.5032633,126.532643,105.5MHz,
1031,송신소(제주 TBN),63.6,33.290615,126.458655,105.5MHz,50~60.3
1032,송신소(제주 TBN),87.3,33.2885628,126.3220562,105.5MHz,38.5~60.5
1033,송신소(제주 TBN),57.3,33.2751753,126.3091689,105.5MHz,27.5~56.7
1034,송신소(제주 TBN),57.7,33.2500111,126.2818108,105.5MHz,23.4~61
1035,송신소(제주 TBN),45.9,33.2551257,126.5385369,105.5MHz,37.6~47.3
1036,송신소(제주 TBN),45.9,33.3354998,126.1948726,105.5MHz,33.4~40.5
1037,송신소(제주 TBN),50,33.335167,126.2245087,105.5MHz,39.8~46.5
1038,송신소(제주 TBN),42.8,33.3357503,126.2264252,105.5MHz,
1039,송신소(제주 TBN),36.9,33.521822,126.8652783,105.5MHz,25.3~34.3
1040,송신소(제주 TBN),40.8,33.3349144,126.2459209,105.5MHz,17~31.8
1041,송신소(제주 TBN),50.8,33.3348897,126.2539782,105.5MHz,37.1~52.6
1042,송신소(제주 TBN),41.9,33.3448687,126.2760512,105.5MHz,33.3~44.5
1043,송신소(제주 TBN),33.6,33.3509994,126.2847581,105.5MHz,49.8~56.9
1044,송신소(제주 TBN),35.2,33.3571054,126.2948701,105.5MHz,42.4~52.5
1045,송신소(제주 TBN),47.9,33.3485833,126.30364,105.5MHz,44~51.3
1046,송신소(제주 TBN),48.1,33.344665,126.314535,105.5MHz,41.3~46
1047,송신소(제주 TBN),47.5,33.343316,126.3234544,105.5MHz,
1048,송신소(제주 TBN),51.2,33.3400037,126.3464954,105.5MHz,27.2~37.4
1049,송신소(제주 TBN),47.8,33.3308362,126.3524136,105.5MHz,23.6~45.5
1050,송신소(제주 TBN),62.5,33.3334316,126.3681194,105.5MHz,
1051,송신소(제주 TBN),48.5,33.3275869,126.3776335,105.5MHz,34.5~53.9
1052,송신소(제주 TBN),59.8,33.315338,126.386494,105.5MHz,34.6~53.2
1053,송신소(제주 TBN),50.8,33.2872633,126.4031409,105.5MHz,26.4~43.1
1054,송신소(제주 TBN),52.8,33.3018686,126.4333234,105.5MHz,36.4~50.6
1055,송신소(제주 TBN),39.4,33.274093,126.424825,105.5MHz,
1056,송신소(제주 TBN),39.3,33.2895931,126.4535813,105.5MHz,30.5~32.4
1057,중계소(서귀포),44.8,33.290649,126.458687,105.9MHz,
1058,중계소(서귀포),51.4,33.2906204,126.4634875,105.9MHz,
1059,중계소(서귀포),51.2,33.292369,126.475629,105.9MHz,27.5~35.2
1060,중계소(서귀포),54.9,33.2900652,126.4862354,105.9MHz,38.1~40.4
1061,중계소(서귀포),61.1,33.291344,126.5126864,105.9MHz,29.9~41.4
1062,중계소(서귀포),86.2,33.290427,126.52767,105.9MHz,17.8~18.6
1063,중계소(서귀포),80.9,33.2922146,126.5985904,105.9MHz,22.6~27.3
1064,중계소(서귀포),63.6,33.305038,126.583552,105.9MHz,20.8~33.5
1065,중계소(서귀포),62.4,33.3178693,126.5963912,105.9MHz,21.9~24.9
1066,중계소(서귀포),69.7,33.3160645,126.632249,105.9MHz,
1067,중계소(서귀포),70.4,33.3219251,126.6429701,105.9MHz,
1068,중계소(서귀포),55,33.3250917,126.6634959,105.9MHz,18.1~28.1
1069,중계소(서귀포),51.2,33.325769,126.6761483,105.9MHz,38.5~42.9
1070,중계소(서귀포),58.3,33.3434236,126.7015251,105.9MHz,30.3~36.6
1071,중계소(서귀포),38.1,33.3575335,126.7339106,105.9MHz,33.9~66.3
1072,중계소(서귀포),40.2,33.367713,126.7577512,105.9MHz,
1073,중계소(서귀포),52,33.3767822,126.788544,105.9MHz,35.8~58.2
1074,중계소(서귀포),34.9,33.3863435,126.7975215,105.9MHz,27.8~44.5
1075,중계소(서귀포),42.6,33.405444,126.8149923,105.9MHz,30.9~34.1
1076,중계소(서귀포),35.1,33.4130286,126.8307337,105.9MHz,
1077,중계소(서귀포),77,33.2932345,126.6742787,105.9MHz,35.7~36
1078,중계소(서귀포),60,33.3120659,126.6911101,105.9MHz,
1079,중계소(서귀포),60,33.3275089,126.7106912,105.9MHz,
1080,중계소(서귀포),60,33.324204,126.7305228,105.9MHz,
1081,중계소(서귀포),60,33.319927,126.7459381,105.9MHz,
1082,중계소(서귀포),64,33.329363,126.7684603,105.9MHz,
1083,중계소(서귀포),46,33.3476464,126.7714907,105.9MHz,
1084,중계소(서귀포),41,33.3612558,126.7642966,105.9MHz,
1085,중계소(서귀포),44,33.378995,126.7883653,105.9MHz,
1086,중계소(서귀포),38,33.3816983,126.790601,105.9MHz,
1087,중계소(서귀포),39,33.3886316,126.7994424,105.9MHz,
1088,중계소(서귀포),48,33.388008,126.8240456,105.9MHz,
1089,중계소(서귀포),48,33.380774,126.8427313,105.9MHz,
1090,중계소(서귀포),57,33.3829495,126.8751469,105.9MHz,
1091,중계소(서귀포),43,33.4025303,126.8621199,105.9MHz,
